,SourceFile,FileName,FileSize,Model,DateTimeOriginal,ImageSize,FocalLength,ShutterSpeed,Aperture,ISO,WhiteBalance,Flash,Event,Round,Batch
1,./04_12_BC_000001.JPG,04_12_BC_000001.JPG,858 kB,,1/1/13 3:12,2000x1500,,0,2.8,100,,No Flash,1,4,3
3,./04_12_BC_000002.JPG,04_12_BC_000002.JPG,858 kB,,1/1/13 3:12,2000x1500,,0,2.8,100,,No Flash,1,4,3
4,./04_12_BC_000003.JPG,04_12_BC_000003.JPG,858 kB,,1/1/13 3:12,2000x1500,,0,2.8,100,,No Flash,1,4,3
5,./35_16_BC_0001.JPG,35_16_BC_0001.JPG,867 kB,BTC5HDPX,10/19/19 11:42,2000x1125,42.0 mm,1/1069,2.4,100,Unknown (288),"Auto, Did not fire",2,4,3
13,./35_16_BC_0002.JPG,35_16_BC_0002.JPG,870 kB,BTC5HDPX,10/19/19 11:42,2000x1125,42.0 mm,1/1272,2.4,100,Unknown (288),"Auto, Did not fire",2,4,3
20,./35_16_BC_0003.JPG,35_16_BC_0003.JPG,867 kB,BTC5HDPX,10/19/19 11:42,2000x1125,42.0 mm,1/1328,2.4,100,Unknown (288),"Auto, Did not fire",2,4,3
2,./35_16_BC_0001 2.JPG,35_16_BC_0001 2.JPG,877 kB,BTC5HDPX,10/19/19 11:44,2000x1125,42.0 mm,1/1328,2.4,100,Unknown (288),"Auto, Did not fire",3,4,3
9,./35_16_BC_0002 2.JPG,35_16_BC_0002 2.JPG,875 kB,BTC5HDPX,10/19/19 11:44,2000x1125,42.0 mm,1/1387,2.4,100,Unknown (288),"Auto, Did not fire",3,4,3
17,./35_16_BC_0003 2.JPG,35_16_BC_0003 2.JPG,875 kB,BTC5HDPX,10/19/19 11:44,2000x1125,42.0 mm,1/1387,2.4,100,Unknown (288),"Auto, Did not fire",3,4,3
6,./04_12_BC_000004.JPG,04_12_BC_000004.JPG,858 kB,,10/19/19 12:43,2000x1500,,0,2.8,100,,No Flash,4,4,3
8,./04_12_BC_000005.JPG,04_12_BC_000005.JPG,825 kB,,10/19/19 12:43,2000x1500,,0,2.8,100,,No Flash,4,4,3
10,./04_12_BC_000006.JPG,04_12_BC_000006.JPG,873 kB,,10/19/19 12:43,2000x1500,,0,2.8,100,,No Flash,4,4,3
24,./35_16_BC_0004.JPG,35_16_BC_0004.JPG,868 kB,BTC5HDPX,10/19/19 15:21,2000x1125,42.0 mm,1/790,2.4,100,Unknown (288),"Auto, Did not fire",5,4,3
28,./35_16_BC_0005.JPG,35_16_BC_0005.JPG,863 kB,BTC5HDPX,10/19/19 15:21,2000x1125,42.0 mm,1/800,2.4,100,Unknown (288),"Auto, Did not fire",5,4,3
32,./35_16_BC_0006.JPG,35_16_BC_0006.JPG,862 kB,BTC5HDPX,10/19/19 15:21,2000x1125,42.0 mm,1/800,2.4,100,Unknown (288),"Auto, Did not fire",5,4,3
35,./35_16_BC_0007.JPG,35_16_BC_0007.JPG,858 kB,BTC5HDPX,10/19/19 15:22,2000x1125,42.0 mm,1/790,2.4,100,Unknown (288),"Auto, Did not fire",6,4,3
38,./35_16_BC_0008.JPG,35_16_BC_0008.JPG,878 kB,BTC5HDPX,10/19/19 15:22,2000x1125,42.0 mm,1/800,2.4,100,Unknown (288),"Auto, Did not fire",6,4,3
41,./35_16_BC_0009.JPG,35_16_BC_0009.JPG,877 kB,BTC5HDPX,10/19/19 15:22,2000x1125,42.0 mm,1/800,2.4,100,Unknown (288),"Auto, Did not fire",6,4,3
44,./35_16_BC_0010.JPG,35_16_BC_0010.JPG,862 kB,BTC5HDPX,10/19/19 15:23,2000x1125,42.0 mm,1/790,2.4,100,Unknown (288),"Auto, Did not fire",7,4,3
47,./35_16_BC_0011.JPG,35_16_BC_0011.JPG,860 kB,BTC5HDPX,10/19/19 15:23,2000x1125,42.0 mm,1/800,2.4,100,Unknown (288),"Auto, Did not fire",7,4,3
50,./35_16_BC_0012.JPG,35_16_BC_0012.JPG,860 kB,BTC5HDPX,10/19/19 15:23,2000x1125,42.0 mm,1/800,2.4,100,Unknown (288),"Auto, Did not fire",7,4,3
53,./35_16_BC_0013.JPG,35_16_BC_0013.JPG,864 kB,BTC5HDPX,10/19/19 15:24,2000x1125,42.0 mm,1/790,2.4,100,Unknown (288),"Auto, Did not fire",8,4,3
56,./35_16_BC_0014.JPG,35_16_BC_0014.JPG,862 kB,BTC5HDPX,10/19/19 15:24,2000x1125,42.0 mm,1/800,2.4,100,Unknown (288),"Auto, Did not fire",8,4,3
59,./35_16_BC_0015.JPG,35_16_BC_0015.JPG,862 kB,BTC5HDPX,10/19/19 15:24,2000x1125,42.0 mm,1/800,2.4,100,Unknown (288),"Auto, Did not fire",8,4,3
62,./35_16_BC_0016.JPG,35_16_BC_0016.JPG,875 kB,BTC5HDPX,10/19/19 15:26,2000x1125,42.0 mm,1/790,2.4,100,Unknown (288),"Auto, Did not fire",9,4,3
65,./35_16_BC_0017.JPG,35_16_BC_0017.JPG,873 kB,BTC5HDPX,10/19/19 15:26,2000x1125,42.0 mm,1/800,2.4,100,Unknown (288),"Auto, Did not fire",9,4,3
68,./35_16_BC_0018.JPG,35_16_BC_0018.JPG,873 kB,BTC5HDPX,10/19/19 15:26,2000x1125,42.0 mm,1/800,2.4,100,Unknown (288),"Auto, Did not fire",9,4,3
71,./35_16_BC_0019.JPG,35_16_BC_0019.JPG,873 kB,BTC5HDPX,10/19/19 15:31,2000x1125,42.0 mm,1/724,2.4,100,Unknown (288),"Auto, Did not fire",10,4,3
74,./35_16_BC_0020.JPG,35_16_BC_0020.JPG,869 kB,BTC5HDPX,10/19/19 15:31,2000x1125,42.0 mm,1/756,2.4,100,Unknown (288),"Auto, Did not fire",10,4,3
77,./35_16_BC_0021.JPG,35_16_BC_0021.JPG,868 kB,BTC5HDPX,10/19/19 15:31,2000x1125,42.0 mm,1/756,2.4,100,Unknown (288),"Auto, Did not fire",10,4,3
80,./35_16_BC_0022.JPG,35_16_BC_0022.JPG,862 kB,BTC5HDPX,10/19/19 15:32,2000x1125,42.0 mm,1/693,2.4,100,Unknown (288),"Auto, Did not fire",11,4,3
83,./35_16_BC_0023.JPG,35_16_BC_0023.JPG,861 kB,BTC5HDPX,10/19/19 15:32,2000x1125,42.0 mm,1/724,2.4,100,Unknown (288),"Auto, Did not fire",11,4,3
86,./35_16_BC_0024.JPG,35_16_BC_0024.JPG,864 kB,BTC5HDPX,10/19/19 15:32,2000x1125,42.0 mm,1/756,2.4,100,Unknown (288),"Auto, Did not fire",11,4,3
12,./04_12_BC_000007.JPG,04_12_BC_000007.JPG,804 kB,,10/19/19 15:33,2000x1500,,0,2.8,100,,No Flash,75,4,3
14,./04_12_BC_000008.JPG,04_12_BC_000008.JPG,804 kB,,10/19/19 15:33,2000x1500,,0,2.8,100,,No Flash,75,4,3
16,./04_12_BC_000009.JPG,04_12_BC_000009.JPG,804 kB,,10/19/19 15:33,2000x1500,,0,2.8,100,,No Flash,75,4,3
89,./35_16_BC_0025.JPG,35_16_BC_0025.JPG,867 kB,BTC5HDPX,10/19/19 15:36,2000x1125,42.0 mm,1/693,2.4,100,Unknown (288),"Auto, Did not fire",12,4,3
92,./35_16_BC_0026.JPG,35_16_BC_0026.JPG,866 kB,BTC5HDPX,10/19/19 15:36,2000x1125,42.0 mm,1/724,2.4,100,Unknown (288),"Auto, Did not fire",12,4,3
95,./35_16_BC_0027.JPG,35_16_BC_0027.JPG,865 kB,BTC5HDPX,10/19/19 15:36,2000x1125,42.0 mm,1/724,2.4,100,Unknown (288),"Auto, Did not fire",12,4,3
98,./35_16_BC_0028.JPG,35_16_BC_0028.JPG,868 kB,BTC5HDPX,10/19/19 15:37,2000x1125,42.0 mm,1/693,2.4,100,Unknown (288),"Auto, Did not fire",13,4,3
101,./35_16_BC_0029.JPG,35_16_BC_0029.JPG,866 kB,BTC5HDPX,10/19/19 15:37,2000x1125,42.0 mm,1/724,2.4,100,Unknown (288),"Auto, Did not fire",13,4,3
104,./35_16_BC_0030.JPG,35_16_BC_0030.JPG,866 kB,BTC5HDPX,10/19/19 15:37,2000x1125,42.0 mm,1/724,2.4,100,Unknown (288),"Auto, Did not fire",13,4,3
18,./04_12_BC_000010.JPG,04_12_BC_000010.JPG,867 kB,,10/19/19 15:43,2000x1500,,0,2.8,100,,No Flash,14,4,3
19,./04_12_BC_000011.JPG,04_12_BC_000011.JPG,866 kB,,10/19/19 15:43,2000x1500,,0,2.8,100,,No Flash,14,4,3
21,./04_12_BC_000012.JPG,04_12_BC_000012.JPG,865 kB,,10/19/19 15:43,2000x1500,,0,2.8,100,,No Flash,14,4,3
23,./04_12_BC_000013.JPG,04_12_BC_000013.JPG,868 kB,,10/19/19 16:10,2000x1500,,0,2.8,100,,No Flash,15,4,3
25,./04_12_BC_000014.JPG,04_12_BC_000014.JPG,866 kB,,10/19/19 16:10,2000x1500,,0,2.8,100,,No Flash,15,4,3
27,./04_12_BC_000015.JPG,04_12_BC_000015.JPG,866 kB,,10/19/19 16:10,2000x1500,,0,2.8,100,,No Flash,15,4,3
29,./04_12_BC_000016.JPG,04_12_BC_000016.JPG,854 kB,,10/20/19 7:57,2000x1500,,0,2.8,100,,No Flash,16,4,3
31,./04_12_BC_000017.JPG,04_12_BC_000017.JPG,855 kB,,10/20/19 7:57,2000x1500,,0,2.8,100,,No Flash,16,4,3
33,./04_12_BC_000018.JPG,04_12_BC_000018.JPG,854 kB,,10/20/19 7:57,2000x1500,,0,2.8,100,,No Flash,16,4,3
34,./04_12_BC_000019.JPG,04_12_BC_000019.JPG,823 kB,,10/20/19 7:58,2000x1500,,0,2.8,100,,No Flash,17,4,3
36,./04_12_BC_000020.JPG,04_12_BC_000020.JPG,823 kB,,10/20/19 7:58,2000x1500,,0,2.8,100,,No Flash,17,4,3
37,./04_12_BC_000021.JPG,04_12_BC_000021.JPG,822 kB,,10/20/19 7:58,2000x1500,,0,2.8,100,,No Flash,17,4,3
39,./04_12_BC_000022.JPG,04_12_BC_000022.JPG,802 kB,,10/20/19 8:00,2000x1500,,0,2.8,100,,No Flash,18,4,3
40,./04_12_BC_000023.JPG,04_12_BC_000023.JPG,801 kB,,10/20/19 8:00,2000x1500,,0,2.8,100,,No Flash,18,4,3
42,./04_12_BC_000024.JPG,04_12_BC_000024.JPG,800 kB,,10/20/19 8:00,2000x1500,,0,2.8,100,,No Flash,18,4,3
43,./04_12_BC_000025.JPG,04_12_BC_000025.JPG,852 kB,,10/20/19 8:02,2000x1500,,0,2.8,100,,No Flash,19,4,3
45,./04_12_BC_000026.JPG,04_12_BC_000026.JPG,853 kB,,10/20/19 8:02,2000x1500,,0,2.8,100,,No Flash,19,4,3
46,./04_12_BC_000027.JPG,04_12_BC_000027.JPG,850 kB,,10/20/19 8:02,2000x1500,,0,2.8,100,,No Flash,19,4,3
48,./04_12_BC_000028.JPG,04_12_BC_000028.JPG,841 kB,,10/20/19 12:41,2000x1500,,0,2.8,100,,No Flash,20,4,3
49,./04_12_BC_000029.JPG,04_12_BC_000029.JPG,842 kB,,10/20/19 12:41,2000x1500,,0,2.8,100,,No Flash,20,4,3
51,./04_12_BC_000030.JPG,04_12_BC_000030.JPG,841 kB,,10/20/19 12:41,2000x1500,,0,2.8,100,,No Flash,20,4,3
52,./04_12_BC_000031.JPG,04_12_BC_000031.JPG,850 kB,,10/20/19 17:13,2000x1500,,0,2.8,100,,No Flash,21,4,3
54,./04_12_BC_000032.JPG,04_12_BC_000032.JPG,851 kB,,10/20/19 17:13,2000x1500,,0,2.8,100,,No Flash,21,4,3
55,./04_12_BC_000033.JPG,04_12_BC_000033.JPG,850 kB,,10/20/19 17:13,2000x1500,,0,2.8,100,,No Flash,21,4,3
107,./35_16_BC_0031.JPG,35_16_BC_0031.JPG,867 kB,BTC5HDPX,10/21/19 12:11,2000x1125,42.0 mm,1/1448,2.4,100,Unknown (288),"Auto, Did not fire",22,4,3
110,./35_16_BC_0032.JPG,35_16_BC_0032.JPG,865 kB,BTC5HDPX,10/21/19 12:11,2000x1125,42.0 mm,1/1579,2.4,100,Unknown (288),"Auto, Did not fire",22,4,3
113,./35_16_BC_0033.JPG,35_16_BC_0033.JPG,865 kB,BTC5HDPX,10/21/19 12:11,2000x1125,42.0 mm,1/1579,2.4,100,Unknown (288),"Auto, Did not fire",22,4,3
116,./35_16_BC_0034.JPG,35_16_BC_0034.JPG,875 kB,BTC5HDPX,10/21/19 17:46,2000x1125,42.0 mm,Jan-56,2.4,100,Unknown (288),"Auto, Did not fire",23,4,3
119,./35_16_BC_0035.JPG,35_16_BC_0035.JPG,876 kB,BTC5HDPX,10/21/19 17:46,2000x1125,42.0 mm,Jan-47,2.4,100,Unknown (288),"Auto, Did not fire",23,4,3
122,./35_16_BC_0036.JPG,35_16_BC_0036.JPG,877 kB,BTC5HDPX,10/21/19 17:46,2000x1125,42.0 mm,Jan-47,2.4,100,Unknown (288),"Auto, Did not fire",23,4,3
57,./04_12_BC_000034.JPG,04_12_BC_000034.JPG,809 kB,,10/23/19 8:26,2000x1500,,0,2.8,100,,No Flash,24,4,3
58,./04_12_BC_000035.JPG,04_12_BC_000035.JPG,879 kB,,10/23/19 8:26,2000x1500,,0,2.8,100,,No Flash,24,4,3
60,./04_12_BC_000036.JPG,04_12_BC_000036.JPG,878 kB,,10/23/19 8:26,2000x1500,,0,2.8,100,,No Flash,24,4,3
61,./04_12_BC_000037.JPG,04_12_BC_000037.JPG,826 kB,,10/30/19 8:42,2000x1500,,0,2.8,100,,No Flash,25,4,3
63,./04_12_BC_000038.JPG,04_12_BC_000038.JPG,826 kB,,10/30/19 8:42,2000x1500,,0,2.8,100,,No Flash,25,4,3
64,./04_12_BC_000039.JPG,04_12_BC_000039.JPG,825 kB,,10/30/19 8:42,2000x1500,,0,2.8,100,,No Flash,25,4,3
66,./04_12_BC_000040.JPG,04_12_BC_000040.JPG,860 kB,,11/1/19 7:02,2000x1500,,0,2.8,100,,No Flash,26,4,3
67,./04_12_BC_000041.JPG,04_12_BC_000041.JPG,858 kB,,11/1/19 7:02,2000x1500,,0,2.8,100,,No Flash,26,4,3
69,./04_12_BC_000042.JPG,04_12_BC_000042.JPG,857 kB,,11/1/19 7:02,2000x1500,,0,2.8,100,,No Flash,26,4,3
124,./35_16_BC_0037.JPG,35_16_BC_0037.JPG,872 kB,BTC5HDPX,11/1/19 11:47,2000x1125,42.0 mm,1/1600,2.4,100,Unknown (288),"Auto, Did not fire",27,4,3
125,./35_16_BC_0038.JPG,35_16_BC_0038.JPG,873 kB,BTC5HDPX,11/1/19 11:47,2000x1125,42.0 mm,1/1798,2.4,100,Unknown (288),"Auto, Did not fire",27,4,3
126,./35_16_BC_0039.JPG,35_16_BC_0039.JPG,872 kB,BTC5HDPX,11/1/19 11:47,2000x1125,42.0 mm,1/1878,2.4,100,Unknown (288),"Auto, Did not fire",27,4,3
127,./35_16_BC_0040.JPG,35_16_BC_0040.JPG,877 kB,BTC5HDPX,11/2/19 7:38,2000x1125,42.0 mm,30-Jan,2.4,400,Unknown (288),"Auto, Did not fire",28,4,3
128,./35_16_BC_0041.JPG,35_16_BC_0041.JPG,877 kB,BTC5HDPX,11/2/19 7:38,2000x1125,42.0 mm,30-Jan,2.4,400,Unknown (288),"Auto, Did not fire",28,4,3
129,./35_16_BC_0042.JPG,35_16_BC_0042.JPG,877 kB,BTC5HDPX,11/2/19 7:38,2000x1125,42.0 mm,30-Jan,2.4,400,Unknown (288),"Auto, Did not fire",28,4,3
70,./04_12_BC_000043.JPG,04_12_BC_000043.JPG,766 kB,,11/2/19 11:50,2000x1500,,0,2.8,100,,No Flash,29,4,3
72,./04_12_BC_000044.JPG,04_12_BC_000044.JPG,874 kB,,11/2/19 11:50,2000x1500,,0,2.8,100,,No Flash,29,4,3
73,./04_12_BC_000045.JPG,04_12_BC_000045.JPG,871 kB,,11/2/19 11:50,2000x1500,,0,2.8,100,,No Flash,29,4,3
75,./04_12_BC_000046.JPG,04_12_BC_000046.JPG,820 kB,,11/4/19 18:11,2000x1500,,0,2.8,100,,No Flash,30,4,3
76,./04_12_BC_000047.JPG,04_12_BC_000047.JPG,819 kB,,11/4/19 18:11,2000x1500,,0,2.8,100,,No Flash,30,4,3
78,./04_12_BC_000048.JPG,04_12_BC_000048.JPG,814 kB,,11/4/19 18:11,2000x1500,,0,2.8,100,,No Flash,30,4,3
130,./35_16_BC_0043.JPG,35_16_BC_0043.JPG,851 kB,BTC5HDPX,11/5/19 2:42,2000x1125,42.0 mm,15-Jan,2.4,200,Unknown (288),"Auto, Fired",31,4,3
131,./35_16_BC_0044.JPG,35_16_BC_0044.JPG,875 kB,BTC5HDPX,11/5/19 2:42,2000x1125,42.0 mm,15-Jan,2.4,200,Unknown (288),"Auto, Fired",31,4,3
132,./35_16_BC_0045.JPG,35_16_BC_0045.JPG,869 kB,BTC5HDPX,11/5/19 2:42,2000x1125,42.0 mm,15-Jan,2.4,200,Unknown (288),"Auto, Fired",31,4,3
133,./35_16_BC_0046.JPG,35_16_BC_0046.JPG,879 kB,BTC5HDPX,11/6/19 1:40,2000x1125,42.0 mm,15-Jan,2.4,100,Unknown (288),"Auto, Fired",32,4,3
134,./35_16_BC_0047.JPG,35_16_BC_0047.JPG,856 kB,BTC5HDPX,11/6/19 1:40,2000x1125,42.0 mm,15-Jan,2.4,200,Unknown (288),"Auto, Fired",32,4,3
135,./35_16_BC_0048.JPG,35_16_BC_0048.JPG,840 kB,BTC5HDPX,11/6/19 1:40,2000x1125,42.0 mm,15-Jan,2.4,200,Unknown (288),"Auto, Fired",32,4,3
136,./35_16_BC_0049.JPG,35_16_BC_0049.JPG,865 kB,BTC5HDPX,11/6/19 14:12,2000x1125,42.0 mm,1/1600,2.4,100,Unknown (288),"Auto, Did not fire",33,4,3
137,./35_16_BC_0050.JPG,35_16_BC_0050.JPG,863 kB,BTC5HDPX,11/6/19 14:12,2000x1125,42.0 mm,1/1600,2.4,100,Unknown (288),"Auto, Did not fire",33,4,3
138,./35_16_BC_0051.JPG,35_16_BC_0051.JPG,872 kB,BTC5HDPX,11/6/19 14:12,2000x1125,42.0 mm,1/1600,2.4,100,Unknown (288),"Auto, Did not fire",33,4,3
139,./35_16_BC_0052.JPG,35_16_BC_0052.JPG,868 kB,BTC5HDPX,11/8/19 9:50,2000x1125,42.0 mm,Jan-35,2.4,100,Unknown (288),"Auto, Did not fire",34,4,3
140,./35_16_BC_0053.JPG,35_16_BC_0053.JPG,856 kB,BTC5HDPX,11/8/19 9:50,2000x1125,42.0 mm,Jan-43,2.4,100,Unknown (288),"Auto, Did not fire",34,4,3
141,./35_16_BC_0054.JPG,35_16_BC_0054.JPG,855 kB,BTC5HDPX,11/8/19 9:50,2000x1125,42.0 mm,Jan-35,2.4,100,Unknown (288),"Auto, Did not fire",34,4,3
142,./35_16_BC_0055.JPG,35_16_BC_0055.JPG,835 kB,BTC5HDPX,11/9/19 8:04,2000x1125,42.0 mm,1/173,2.4,100,Unknown (288),"Auto, Did not fire",35,4,3
143,./35_16_BC_0056.JPG,35_16_BC_0056.JPG,837 kB,BTC5HDPX,11/9/19 8:04,2000x1125,42.0 mm,1/200,2.4,100,Unknown (288),"Auto, Did not fire",35,4,3
144,./35_16_BC_0057.JPG,35_16_BC_0057.JPG,833 kB,BTC5HDPX,11/9/19 8:04,2000x1125,42.0 mm,1/189,2.4,100,Unknown (288),"Auto, Did not fire",35,4,3
145,./35_16_BC_0058.JPG,35_16_BC_0058.JPG,845 kB,BTC5HDPX,11/10/19 1:14,2000x1125,42.0 mm,15-Jan,2.4,200,Unknown (288),"Auto, Fired",36,4,3
146,./35_16_BC_0059.JPG,35_16_BC_0059.JPG,800 kB,BTC5HDPX,11/10/19 1:14,2000x1125,42.0 mm,15-Jan,2.4,200,Unknown (288),"Auto, Fired",36,4,3
147,./35_16_BC_0060.JPG,35_16_BC_0060.JPG,872 kB,BTC5HDPX,11/10/19 1:14,2000x1125,42.0 mm,15-Jan,2.4,200,Unknown (288),"Auto, Fired",36,4,3
148,./35_16_BC_0064.JPG,35_16_BC_0064.JPG,844 kB,BTC5HDPX,11/10/19 1:50,2000x1125,42.0 mm,15-Jan,2.4,200,Unknown (288),"Auto, Fired",37,4,3
149,./35_16_BC_0065.JPG,35_16_BC_0065.JPG,873 kB,BTC5HDPX,11/10/19 1:50,2000x1125,42.0 mm,15-Jan,2.4,200,Unknown (288),"Auto, Fired",37,4,3
150,./35_16_BC_0066.JPG,35_16_BC_0066.JPG,872 kB,BTC5HDPX,11/10/19 1:50,2000x1125,42.0 mm,15-Jan,2.4,200,Unknown (288),"Auto, Fired",37,4,3
79,./04_12_BC_000049.JPG,04_12_BC_000049.JPG,834 kB,,11/10/19 9:27,2000x1500,,0,2.8,100,,No Flash,38,4,3
81,./04_12_BC_000050.JPG,04_12_BC_000050.JPG,834 kB,,11/10/19 9:27,2000x1500,,0,2.8,100,,No Flash,38,4,3
82,./04_12_BC_000051.JPG,04_12_BC_000051.JPG,833 kB,,11/10/19 9:27,2000x1500,,0,2.8,100,,No Flash,38,4,3
151,./35_16_BC_0067.JPG,35_16_BC_0067.JPG,808 kB,BTC5HDPX,11/13/19 4:58,2000x1125,42.0 mm,15-Jan,2.4,200,Unknown (288),"Auto, Fired",39,4,3
152,./35_16_BC_0068.JPG,35_16_BC_0068.JPG,831 kB,BTC5HDPX,11/13/19 4:58,2000x1125,42.0 mm,15-Jan,2.4,200,Unknown (288),"Auto, Fired",39,4,3
153,./35_16_BC_0069.JPG,35_16_BC_0069.JPG,826 kB,BTC5HDPX,11/13/19 4:58,2000x1125,42.0 mm,15-Jan,2.4,200,Unknown (288),"Auto, Fired",39,4,3
154,./35_16_BC_0070.JPG,35_16_BC_0070.JPG,840 kB,BTC5HDPX,11/13/19 7:23,2000x1125,42.0 mm,15-Jan,2.4,200,Unknown (288),"Auto, Fired",40,4,3
155,./35_16_BC_0071.JPG,35_16_BC_0071.JPG,811 kB,BTC5HDPX,11/13/19 7:23,2000x1125,42.0 mm,15-Jan,2.4,200,Unknown (288),"Auto, Fired",40,4,3
156,./35_16_BC_0072.JPG,35_16_BC_0072.JPG,878 kB,BTC5HDPX,11/13/19 7:23,2000x1125,42.0 mm,15-Jan,2.4,100,Unknown (288),"Auto, Fired",40,4,3
157,./35_16_BC_0073.JPG,35_16_BC_0073.JPG,808 kB,BTC5HDPX,11/13/19 8:34,2000x1125,42.0 mm,1/609,2.4,100,Unknown (288),"Auto, Did not fire",41,4,3
158,./35_16_BC_0074.JPG,35_16_BC_0074.JPG,807 kB,BTC5HDPX,11/13/19 8:34,2000x1125,42.0 mm,1/636,2.4,100,Unknown (288),"Auto, Did not fire",41,4,3
159,./35_16_BC_0075.JPG,35_16_BC_0075.JPG,807 kB,BTC5HDPX,11/13/19 8:34,2000x1125,42.0 mm,1/636,2.4,100,Unknown (288),"Auto, Did not fire",41,4,3
160,./35_16_BC_0076.JPG,35_16_BC_0076.JPG,843 kB,BTC5HDPX,11/14/19 13:34,2000x1125,42.0 mm,1/1798,2.4,100,Unknown (288),"Auto, Did not fire",42,4,3
161,./35_16_BC_0077.JPG,35_16_BC_0077.JPG,845 kB,BTC5HDPX,11/14/19 13:34,2000x1125,42.0 mm,1/1878,2.4,100,Unknown (288),"Auto, Did not fire",42,4,3
162,./35_16_BC_0078.JPG,35_16_BC_0078.JPG,842 kB,BTC5HDPX,11/14/19 13:34,2000x1125,42.0 mm,Jan-20,2.4,100,Unknown (288),"Auto, Did not fire",42,4,3
163,./35_16_BC_0079.JPG,35_16_BC_0079.JPG,851 kB,BTC5HDPX,11/17/19 6:09,2000x1125,42.0 mm,15-Jan,2.4,200,Unknown (288),"Auto, Fired",43,4,3
164,./35_16_BC_0080.JPG,35_16_BC_0080.JPG,838 kB,BTC5HDPX,11/17/19 6:10,2000x1125,42.0 mm,15-Jan,2.4,100,Unknown (288),"Auto, Fired",43,4,3
165,./35_16_BC_0081.JPG,35_16_BC_0081.JPG,825 kB,BTC5HDPX,11/17/19 6:10,2000x1125,42.0 mm,15-Jan,2.4,100,Unknown (288),"Auto, Fired",43,4,3
166,./35_16_BC_0082.JPG,35_16_BC_0082.JPG,820 kB,BTC5HDPX,11/18/19 12:25,2000x1125,42.0 mm,Jan-40,2.4,100,Unknown (288),"Auto, Did not fire",44,4,3
167,./35_16_BC_0083.JPG,35_16_BC_0083.JPG,820 kB,BTC5HDPX,11/18/19 12:25,2000x1125,42.0 mm,Jan-40,2.4,100,Unknown (288),"Auto, Did not fire",44,4,3
168,./35_16_BC_0084.JPG,35_16_BC_0084.JPG,821 kB,BTC5HDPX,11/18/19 12:26,2000x1125,42.0 mm,Jan-40,2.4,100,Unknown (288),"Auto, Did not fire",44,4,3
169,./35_16_BC_0085.JPG,35_16_BC_0085.JPG,825 kB,BTC5HDPX,11/19/19 13:20,2000x1125,42.0 mm,Jan-67,2.4,100,Unknown (288),"Auto, Did not fire",45,4,3
170,./35_16_BC_0086.JPG,35_16_BC_0086.JPG,824 kB,BTC5HDPX,11/19/19 13:20,2000x1125,42.0 mm,Jan-67,2.4,100,Unknown (288),"Auto, Did not fire",45,4,3
171,./35_16_BC_0087.JPG,35_16_BC_0087.JPG,824 kB,BTC5HDPX,11/19/19 13:20,2000x1125,42.0 mm,Jan-67,2.4,100,Unknown (288),"Auto, Did not fire",45,4,3
172,./35_16_BC_0089 2.JPG,35_16_BC_0089 2.JPG,856 kB,BTC5HDPX,11/20/19 16:27,2000x1125,42.0 mm,1/960,2.4,100,Unknown (288),"Auto, Did not fire",46,4,3
173,./35_16_BC_0089.JPG,35_16_BC_0089.JPG,856 kB,BTC5HDPX,11/20/19 16:27,2000x1125,42.0 mm,1/960,2.4,100,Unknown (288),"Auto, Did not fire",46,4,3
174,./35_16_BC_0090.JPG,35_16_BC_0090.JPG,855 kB,BTC5HDPX,11/20/19 16:28,2000x1125,42.0 mm,1/960,2.4,100,Unknown (288),"Auto, Did not fire",46,4,3
175,./35_16_BC_0091.JPG,35_16_BC_0091.JPG,855 kB,BTC5HDPX,11/23/19 10:38,2000x1125,42.0 mm,1/664,2.4,100,Unknown (288),"Auto, Did not fire",47,4,3
176,./35_16_BC_0092.JPG,35_16_BC_0092.JPG,855 kB,BTC5HDPX,11/23/19 10:38,2000x1125,42.0 mm,1/693,2.4,100,Unknown (288),"Auto, Did not fire",47,4,3
177,./35_16_BC_0093.JPG,35_16_BC_0093.JPG,854 kB,BTC5HDPX,11/23/19 10:38,2000x1125,42.0 mm,1/693,2.4,100,Unknown (288),"Auto, Did not fire",47,4,3
178,./35_16_BC_0094.JPG,35_16_BC_0094.JPG,867 kB,BTC5HDPX,11/24/19 8:44,2000x1125,42.0 mm,Jan-70,2.4,100,Unknown (288),"Auto, Did not fire",48,4,3
179,./35_16_BC_0095.JPG,35_16_BC_0095.JPG,867 kB,BTC5HDPX,11/24/19 8:44,2000x1125,42.0 mm,Jan-64,2.4,100,Unknown (288),"Auto, Did not fire",48,4,3
180,./35_16_BC_0096.JPG,35_16_BC_0096.JPG,866 kB,BTC5HDPX,11/24/19 8:44,2000x1125,42.0 mm,Jan-64,2.4,100,Unknown (288),"Auto, Did not fire",48,4,3
84,./04_12_BC_000052.JPG,04_12_BC_000052.JPG,786 kB,,11/24/19 17:22,2000x1500,,0,2.8,100,,No Flash,49,4,3
85,./04_12_BC_000053.JPG,04_12_BC_000053.JPG,786 kB,,11/24/19 17:22,2000x1500,,0,2.8,100,,No Flash,49,4,3
87,./04_12_BC_000054.JPG,04_12_BC_000054.JPG,787 kB,,11/24/19 17:22,2000x1500,,0,2.8,100,,No Flash,49,4,3
88,./04_12_BC_000055.JPG,04_12_BC_000055.JPG,846 kB,,11/24/19 22:58,2000x1500,,0,2.8,100,,No Flash,50,4,3
90,./04_12_BC_000056.JPG,04_12_BC_000056.JPG,845 kB,,11/24/19 22:58,2000x1500,,0,2.8,100,,No Flash,50,4,3
91,./04_12_BC_000057.JPG,04_12_BC_000057.JPG,845 kB,,11/24/19 22:58,2000x1500,,0,2.8,100,,No Flash,50,4,3
181,./35_16_BC_0097.JPG,35_16_BC_0097.JPG,861 kB,BTC5HDPX,11/26/19 8:53,2000x1125,42.0 mm,1/159,2.4,100,Unknown (288),"Auto, Did not fire",51,4,3
182,./35_16_BC_0098.JPG,35_16_BC_0098.JPG,862 kB,BTC5HDPX,11/26/19 8:53,2000x1125,42.0 mm,1/173,2.4,100,Unknown (288),"Auto, Did not fire",51,4,3
183,./35_16_BC_0099.JPG,35_16_BC_0099.JPG,862 kB,BTC5HDPX,11/26/19 8:53,2000x1125,42.0 mm,1/173,2.4,100,Unknown (288),"Auto, Did not fire",51,4,3
93,./04_12_BC_000058.JPG,04_12_BC_000058.JPG,782 kB,,11/26/19 16:39,2000x1500,,0,2.8,100,,No Flash,52,4,3
94,./04_12_BC_000059.JPG,04_12_BC_000059.JPG,783 kB,,11/26/19 16:39,2000x1500,,0,2.8,100,,No Flash,52,4,3
96,./04_12_BC_000060.JPG,04_12_BC_000060.JPG,784 kB,,11/26/19 16:39,2000x1500,,0,2.8,100,,No Flash,52,4,3
184,./35_16_BC_0100.JPG,35_16_BC_0100.JPG,858 kB,BTC5HDPX,11/26/19 18:38,2000x1125,42.0 mm,15-Jan,2.4,200,Unknown (288),"Auto, Fired",53,4,3
185,./35_16_BC_0101.JPG,35_16_BC_0101.JPG,804 kB,BTC5HDPX,11/26/19 18:38,2000x1125,42.0 mm,15-Jan,2.4,200,Unknown (288),"Auto, Fired",53,4,3
186,./35_16_BC_0102.JPG,35_16_BC_0102.JPG,807 kB,BTC5HDPX,11/26/19 18:38,2000x1125,42.0 mm,15-Jan,2.4,200,Unknown (288),"Auto, Fired",53,4,3
97,./04_12_BC_000061.JPG,04_12_BC_000061.JPG,875 kB,,11/30/19 4:06,2000x1500,,0,2.8,100,,No Flash,54,4,3
99,./04_12_BC_000062.JPG,04_12_BC_000062.JPG,874 kB,,11/30/19 4:06,2000x1500,,0,2.8,100,,No Flash,54,4,3
100,./04_12_BC_000063.JPG,04_12_BC_000063.JPG,872 kB,,11/30/19 4:06,2000x1500,,0,2.8,100,,No Flash,54,4,3
102,./04_12_BC_000064.JPG,04_12_BC_000064.JPG,831 kB,,11/30/19 13:51,2000x1500,,0,2.8,100,,No Flash,55,4,3
103,./04_12_BC_000065.JPG,04_12_BC_000065.JPG,831 kB,,11/30/19 13:51,2000x1500,,0,2.8,100,,No Flash,55,4,3
105,./04_12_BC_000066.JPG,04_12_BC_000066.JPG,831 kB,,11/30/19 13:51,2000x1500,,0,2.8,100,,No Flash,55,4,3
106,./04_12_BC_000067.JPG,04_12_BC_000067.JPG,809 kB,,11/30/19 15:58,2000x1500,,0,2.8,100,,No Flash,56,4,3
108,./04_12_BC_000068.JPG,04_12_BC_000068.JPG,809 kB,,11/30/19 15:58,2000x1500,,0,2.8,100,,No Flash,56,4,3
109,./04_12_BC_000069.JPG,04_12_BC_000069.JPG,808 kB,,11/30/19 15:58,2000x1500,,0,2.8,100,,No Flash,56,4,3
111,./04_12_BC_000070.JPG,04_12_BC_000070.JPG,775 kB,,11/30/19 16:52,2000x1500,,0,2.8,100,,No Flash,57,4,3
112,./04_12_BC_000071.JPG,04_12_BC_000071.JPG,775 kB,,11/30/19 16:52,2000x1500,,0,2.8,100,,No Flash,57,4,3
114,./04_12_BC_000072.JPG,04_12_BC_000072.JPG,775 kB,,11/30/19 16:52,2000x1500,,0,2.8,100,,No Flash,57,4,3
187,./35_16_BC_0103.JPG,35_16_BC_0103.JPG,862 kB,BTC5HDPX,12/1/19 14:19,2000x1125,42.0 mm,1/173,2.4,100,Unknown (288),"Auto, Did not fire",58,4,3
188,./35_16_BC_0104.JPG,35_16_BC_0104.JPG,864 kB,BTC5HDPX,12/1/19 14:19,2000x1125,42.0 mm,1/200,2.4,100,Unknown (288),"Auto, Did not fire",58,4,3
189,./35_16_BC_0105.JPG,35_16_BC_0105.JPG,861 kB,BTC5HDPX,12/1/19 14:19,2000x1125,42.0 mm,1/200,2.4,100,Unknown (288),"Auto, Did not fire",58,4,3
190,./35_16_BC_0106.JPG,35_16_BC_0106.JPG,815 kB,BTC5HDPX,12/5/19 18:40,2000x1125,42.0 mm,15-Jan,2.4,200,Unknown (288),"Auto, Fired",59,4,3
191,./35_16_BC_0107.JPG,35_16_BC_0107.JPG,844 kB,BTC5HDPX,12/5/19 18:40,2000x1125,42.0 mm,15-Jan,2.4,200,Unknown (288),"Auto, Fired",59,4,3
192,./35_16_BC_0108.JPG,35_16_BC_0108.JPG,843 kB,BTC5HDPX,12/5/19 18:40,2000x1125,42.0 mm,15-Jan,2.4,200,Unknown (288),"Auto, Fired",59,4,3
193,./35_16_BC_0109.JPG,35_16_BC_0109.JPG,827 kB,BTC5HDPX,12/9/19 8:31,2000x1125,42.0 mm,Jan-95,2.4,100,Unknown (288),"Auto, Did not fire",60,4,3
194,./35_16_BC_0110.JPG,35_16_BC_0110.JPG,825 kB,BTC5HDPX,12/9/19 8:31,2000x1125,42.0 mm,Jan-95,2.4,100,Unknown (288),"Auto, Did not fire",60,4,3
195,./35_16_BC_0111.JPG,35_16_BC_0111.JPG,827 kB,BTC5HDPX,12/9/19 8:31,2000x1125,42.0 mm,Jan-95,2.4,100,Unknown (288),"Auto, Did not fire",60,4,3
115,./04_12_BC_000073.JPG,04_12_BC_000073.JPG,786 kB,,12/11/19 9:22,2000x1500,,0,2.8,100,,No Flash,61,4,3
117,./04_12_BC_000074.JPG,04_12_BC_000074.JPG,786 kB,,12/11/19 9:22,2000x1500,,0,2.8,100,,No Flash,61,4,3
118,./04_12_BC_000075.JPG,04_12_BC_000075.JPG,785 kB,,12/11/19 9:22,2000x1500,,0,2.8,100,,No Flash,61,4,3
196,./35_16_BC_0112.JPG,35_16_BC_0112.JPG,804 kB,BTC5HDPX,12/12/19 5:29,2000x1125,42.0 mm,15-Jan,2.4,200,Unknown (288),"Auto, Fired",62,4,3
197,./35_16_BC_0113.JPG,35_16_BC_0113.JPG,839 kB,BTC5HDPX,12/12/19 5:29,2000x1125,42.0 mm,15-Jan,2.4,200,Unknown (288),"Auto, Fired",62,4,3
198,./35_16_BC_0114.JPG,35_16_BC_0114.JPG,830 kB,BTC5HDPX,12/12/19 5:29,2000x1125,42.0 mm,15-Jan,2.4,200,Unknown (288),"Auto, Fired",62,4,3
199,./35_16_BC_0115.JPG,35_16_BC_0115.JPG,825 kB,BTC5HDPX,12/12/19 6:14,2000x1125,42.0 mm,15-Jan,2.4,200,Unknown (288),"Auto, Fired",63,4,3
200,./35_16_BC_0116.JPG,35_16_BC_0116.JPG,840 kB,BTC5HDPX,12/12/19 6:14,2000x1125,42.0 mm,15-Jan,2.4,200,Unknown (288),"Auto, Fired",63,4,3
201,./35_16_BC_0117.JPG,35_16_BC_0117.JPG,831 kB,BTC5HDPX,12/12/19 6:14,2000x1125,42.0 mm,15-Jan,2.4,200,Unknown (288),"Auto, Fired",63,4,3
202,./35_16_BC_0118.JPG,35_16_BC_0118.JPG,820 kB,BTC5HDPX,12/14/19 22:47,2000x1125,42.0 mm,15-Jan,2.4,200,Unknown (288),"Auto, Fired",64,4,3
203,./35_16_BC_0119.JPG,35_16_BC_0119.JPG,804 kB,BTC5HDPX,12/14/19 22:47,2000x1125,42.0 mm,15-Jan,2.4,200,Unknown (288),"Auto, Fired",64,4,3
204,./35_16_BC_0120.JPG,35_16_BC_0120.JPG,864 kB,BTC5HDPX,12/14/19 22:47,2000x1125,42.0 mm,15-Jan,2.4,200,Unknown (288),"Auto, Fired",64,4,3
120,./04_12_BC_000076.JPG,04_12_BC_000076.JPG,744 kB,,12/15/19 15:48,2000x1500,,0,2.8,100,,No Flash,65,4,3
121,./04_12_BC_000077.JPG,04_12_BC_000077.JPG,744 kB,,12/15/19 15:48,2000x1500,,0,2.8,100,,No Flash,65,4,3
123,./04_12_BC_000078.JPG,04_12_BC_000078.JPG,745 kB,,12/15/19 15:48,2000x1500,,0,2.8,100,,No Flash,65,4,3
205,./35_16_BC_0121.JPG,35_16_BC_0121.JPG,878 kB,BTC5HDPX,12/17/19 11:03,2000x1125,42.0 mm,1/861,2.4,100,Unknown (288),"Auto, Did not fire",66,4,3
206,./35_16_BC_0122.JPG,35_16_BC_0122.JPG,879 kB,BTC5HDPX,12/17/19 11:03,2000x1125,42.0 mm,1/861,2.4,100,Unknown (288),"Auto, Did not fire",66,4,3
207,./35_16_BC_0123.JPG,35_16_BC_0123.JPG,818 kB,BTC5HDPX,12/17/19 11:03,2000x1125,42.0 mm,1/861,2.4,100,Unknown (288),"Auto, Did not fire",66,4,3
208,./35_16_BC_0124.JPG,35_16_BC_0124.JPG,873 kB,BTC5HDPX,12/17/19 11:04,2000x1125,42.0 mm,1/861,2.4,100,Unknown (288),"Auto, Did not fire",67,4,3
209,./35_16_BC_0125.JPG,35_16_BC_0125.JPG,873 kB,BTC5HDPX,12/17/19 11:04,2000x1125,42.0 mm,1/899,2.4,100,Unknown (288),"Auto, Did not fire",67,4,3
210,./35_16_BC_0126.JPG,35_16_BC_0126.JPG,873 kB,BTC5HDPX,12/17/19 11:04,2000x1125,42.0 mm,1/899,2.4,100,Unknown (288),"Auto, Did not fire",67,4,3
211,./35_16_BC_0127.JPG,35_16_BC_0127.JPG,838 kB,BTC5HDPX,12/18/19 9:38,2000x1125,42.0 mm,1/664,2.4,100,Unknown (288),"Auto, Did not fire",68,4,3
212,./35_16_BC_0128.JPG,35_16_BC_0128.JPG,836 kB,BTC5HDPX,12/18/19 9:38,2000x1125,42.0 mm,1/693,2.4,100,Unknown (288),"Auto, Did not fire",68,4,3
213,./35_16_BC_0129.JPG,35_16_BC_0129.JPG,836 kB,BTC5HDPX,12/18/19 9:38,2000x1125,42.0 mm,1/693,2.4,100,Unknown (288),"Auto, Did not fire",68,4,3
214,./35_16_BC_0130.JPG,35_16_BC_0130.JPG,826 kB,BTC5HDPX,12/18/19 9:40,2000x1125,42.0 mm,1/724,2.4,100,Unknown (288),"Auto, Did not fire",69,4,3
215,./35_16_BC_0131.JPG,35_16_BC_0131.JPG,832 kB,BTC5HDPX,12/18/19 9:40,2000x1125,42.0 mm,1/724,2.4,100,Unknown (288),"Auto, Did not fire",69,4,3
216,./35_16_BC_0132.JPG,35_16_BC_0132.JPG,836 kB,BTC5HDPX,12/18/19 9:40,2000x1125,42.0 mm,1/724,2.4,100,Unknown (288),"Auto, Did not fire",69,4,3
217,./35_16_BC_0133.JPG,35_16_BC_0133.JPG,738 kB,BTC5HDPX,12/19/19 3:16,2000x1125,42.0 mm,15-Jan,2.4,100,Unknown (288),"Auto, Fired",70,4,3
218,./35_16_BC_0134.JPG,35_16_BC_0134.JPG,790 kB,BTC5HDPX,12/19/19 3:16,2000x1125,42.0 mm,15-Jan,2.4,100,Unknown (288),"Auto, Fired",70,4,3
219,./35_16_BC_0135.JPG,35_16_BC_0135.JPG,790 kB,BTC5HDPX,12/19/19 3:16,2000x1125,42.0 mm,15-Jan,2.4,100,Unknown (288),"Auto, Fired",70,4,3
220,./35_16_BC_0136.JPG,35_16_BC_0136.JPG,729 kB,BTC5HDPX,12/19/19 7:57,2000x1125,42.0 mm,15-Jan,2.4,100,Unknown (288),"Auto, Fired",71,4,3
221,./35_16_BC_0137.JPG,35_16_BC_0137.JPG,736 kB,BTC5HDPX,12/19/19 7:57,2000x1125,42.0 mm,15-Jan,2.4,100,Unknown (288),"Auto, Fired",71,4,3
222,./35_16_BC_0138.JPG,35_16_BC_0138.JPG,785 kB,BTC5HDPX,12/19/19 7:57,2000x1125,42.0 mm,15-Jan,2.4,100,Unknown (288),"Auto, Fired",71,4,3
223,./35_16_BC_0139.JPG,35_16_BC_0139.JPG,707 kB,BTC5HDPX,12/19/19 8:01,2000x1125,42.0 mm,16-Jan,2.4,100,Unknown (288),"Auto, Fired",72,4,3
224,./35_16_BC_0140.JPG,35_16_BC_0140.JPG,726 kB,BTC5HDPX,12/19/19 8:01,2000x1125,42.0 mm,15-Jan,2.4,100,Unknown (288),"Auto, Fired",72,4,3
225,./35_16_BC_0141.JPG,35_16_BC_0141.JPG,737 kB,BTC5HDPX,12/19/19 8:01,2000x1125,42.0 mm,15-Jan,2.4,100,Unknown (288),"Auto, Fired",72,4,3
226,./35_16_BC_0142.JPG,35_16_BC_0142.JPG,824 kB,BTC5HDPX,12/19/19 9:46,2000x1125,42.0 mm,1/1512,2.4,100,Unknown (288),"Auto, Did not fire",73,4,3
227,./35_16_BC_0143.JPG,35_16_BC_0143.JPG,825 kB,BTC5HDPX,12/19/19 9:46,2000x1125,42.0 mm,1/1512,2.4,100,Unknown (288),"Auto, Did not fire",73,4,3
228,./35_16_BC_0144.JPG,35_16_BC_0144.JPG,824 kB,BTC5HDPX,12/19/19 9:46,2000x1125,42.0 mm,1/1512,2.4,100,Unknown (288),"Auto, Did not fire",73,4,3
229,./35_16_BC_0145.JPG,35_16_BC_0145.JPG,735 kB,BTC5HDPX,12/19/19 18:11,2000x1125,42.0 mm,15-Jan,2.4,100,Unknown (288),"Auto, Fired",74,4,3
230,./35_16_BC_0146.JPG,35_16_BC_0146.JPG,786 kB,BTC5HDPX,12/19/19 18:11,2000x1125,42.0 mm,15-Jan,2.4,100,Unknown (288),"Auto, Fired",74,4,3
231,./35_16_BC_0147.JPG,35_16_BC_0147.JPG,785 kB,BTC5HDPX,12/19/19 18:11,2000x1125,42.0 mm,15-Jan,2.4,100,Unknown (288),"Auto, Fired",74,4,3